id,path,dataset,label,original_label,split,group,exact_hash,maturation
train_9847.png,train_9847.png,pbc,basophil,basophil,train,5bf0263f842c27f004578b7311a8a0613637a39133b1a7b7d02fbc984e52a95a,5bf0263f842c27f004578b7311a8a0613637a39133b1a7b7d02fbc984e52a95a,
train_8463.png,train_8463.png,pbc,basophil,basophil,train,84570900164fd5fb25bd99d8fe822e1e36989367ee9d269a6e4d01d51c2b3608,84570900164fd5fb25bd99d8fe822e1e36989367ee9d269a6e4d01d51c2b3608,
train_2031.png,train_2031.png,pbc,basophil,basophil,train,66ad6c8c860ac1e81b55ed6674ae4e451e1bea089c40dbc9d66c173791e3ff10,66ad6c8c860ac1e81b55ed6674ae4e451e1bea089c40dbc9d66c173791e3ff10,
train_11645.png,train_11645.png,pbc,basophil,basophil,train,ffee76903eadc9485cb1fd3aa166bfedefe580b762dee3e3a0de0ff0dfb1ea9c,ffee76903eadc9485cb1fd3aa166bfedefe580b762dee3e3a0de0ff0dfb1ea9c,
train_6786.png,train_6786.png,pbc,basophil,basophil,train,abe75a375d1a41477cc118629de2ddf9336bd4e03e6aefa96da70f21f4d80e3c,abe75a375d1a41477cc118629de2ddf9336bd4e03e6aefa96da70f21f4d80e3c,
train_4248.png,train_4248.png,pbc,basophil,basophil,train,3a7718968b866b3c8589f1b1c5092ddc5543b2e791501cb78e768fd5fff3bfa5,3a7718968b866b3c8589f1b1c5092ddc5543b2e791501cb78e768fd5fff3bfa5,
train_922.png,train_922.png,pbc,basophil,basophil,train,c18f6e5bbaa2149b06e41d991417650df1a0cb19215f80a5602eb7cc76ccb1ac,c18f6e5bbaa2149b06e41d991417650df1a0cb19215f80a5602eb7cc76ccb1ac,
train_6039.png,train_6039.png,pbc,basophil,basophil,train,cdf717e35cd22bbaf346e4b71b3807a6acbaeeaaa55f005a7992a5d6957911d4,cdf717e35cd22bbaf346e4b71b3807a6acbaeeaaa55f005a7992a5d6957911d4,
train_430.png,train_430.png,pbc,basophil,basophil,train,2b294f180bb525925f558e9c9cc48c5b81e9053561b2ed51c5a1916185c6a652,2b294f180bb525925f558e9c9cc48c5b81e9053561b2ed51c5a1916185c6a652,
train_5604.png,train_5604.png,pbc,basophil,basophil,train,41cb2cef45033d59975a17764f89516cd29b8fef5df0f57255589ee9c15242e0,41cb2cef45033d59975a17764f89516cd29b8fef5df0f57255589ee9c15242e0,
train_3327.png,train_3327.png,pbc,basophil,basophil,train,2f60eca911f8365bd852b9217dd7ed5513db21192b388a258a793af17cc49f1c,2f60eca911f8365bd852b9217dd7ed5513db21192b388a258a793af17cc49f1c,
train_9172.png,train_9172.png,pbc,basophil,basophil,train,61e075df996997c12259e562da614cd51a4489927077b279bd6ab068cd91a1cb,61e075df996997c12259e562da614cd51a4489927077b279bd6ab068cd91a1cb,
train_1783.png,train_1783.png,pbc,eosinophil,eosinophil,train,f77143563b5a8e791ffac5cef1c5a95e0233bec51dc59b484989d65e31d035f6,f77143563b5a8e791ffac5cef1c5a95e0233bec51dc59b484989d65e31d035f6,
train_3928.png,train_3928.png,pbc,eosinophil,eosinophil,train,b9bf85f20c3c9b18bac6079f77ffb04bf31790ac34418099d86a865c10eb9469,b9bf85f20c3c9b18bac6079f77ffb04bf31790ac34418099d86a865c10eb9469,
train_6319.png,train_6319.png,pbc,eosinophil,eosinophil,train,c60bebd7f93b274cf87a304d0a1f1689f59697f2cbdf3c15a8b29e76f834adf5,c60bebd7f93b274cf87a304d0a1f1689f59697f2cbdf3c15a8b29e76f834adf5,
train_3312.png,train_3312.png,pbc,eosinophil,eosinophil,train,ee6961e2181fac705fafb43978c7d5204cc78a2c7335af62a27aa7e1c2f5107b,ee6961e2181fac705fafb43978c7d5204cc78a2c7335af62a27aa7e1c2f5107b,
train_2113.png,train_2113.png,pbc,eosinophil,eosinophil,train,128fc8241333d38b538ef1fb4698956538e5ab811f993e680b9277cb3e48989f,128fc8241333d38b538ef1fb4698956538e5ab811f993e680b9277cb3e48989f,
train_11756.png,train_11756.png,pbc,eosinophil,eosinophil,train,7ed57d21b69f02b3765b8fa888a62d7f3093d058bd216b1b66af47d06adee80b,7ed57d21b69f02b3765b8fa888a62d7f3093d058bd216b1b66af47d06adee80b,
train_11385.png,train_11385.png,pbc,eosinophil,eosinophil,train,3ef3dd525ad4528d4dcf2d8cbc87149cb4020753c094f1ad936b6bef9e73d6bb,3ef3dd525ad4528d4dcf2d8cbc87149cb4020753c094f1ad936b6bef9e73d6bb,
train_4579.png,train_4579.png,pbc,eosinophil,eosinophil,train,7c425907574f2b0e14e771172475c45877415ce411d663a345f152235b51921d,7c425907574f2b0e14e771172475c45877415ce411d663a345f152235b51921d,
train_5063.png,train_5063.png,pbc,eosinophil,eosinophil,train,a4b9450e0dfcbdfdc6704a2611ddd0d0758828086e3b26514cb75fa7f08a0855,a4b9450e0dfcbdfdc6704a2611ddd0d0758828086e3b26514cb75fa7f08a0855,
train_2502.png,train_2502.png,pbc,eosinophil,eosinophil,train,c2941ee151bf883fca9d71d2c7e5895de9ea1957179df795b8483200dda61071,c2941ee151bf883fca9d71d2c7e5895de9ea1957179df795b8483200dda61071,
train_4676.png,train_4676.png,pbc,eosinophil,eosinophil,train,18669e0ef83b055c4361dc8692607274b03123f5685a9dfc85e206a12b96adfa,18669e0ef83b055c4361dc8692607274b03123f5685a9dfc85e206a12b96adfa,
train_8385.png,train_8385.png,pbc,eosinophil,eosinophil,train,a00d6c9157987832da88d3574e1230b707a678910c3376a7c35fdd0d7087a822,a00d6c9157987832da88d3574e1230b707a678910c3376a7c35fdd0d7087a822,
train_8040.png,train_8040.png,pbc,lymphocyte,lymphocyte,train,325c0ef2142cbc5645eb1ecfc0e178845a56788d042e6851b79baadf7efb315d,325c0ef2142cbc5645eb1ecfc0e178845a56788d042e6851b79baadf7efb315d,
train_772.png,train_772.png,pbc,lymphocyte,lymphocyte,train,e6ba3c1b41ab6b17164913501e2b36636669bbc320bc2dc7dfc682db5167eb65,e6ba3c1b41ab6b17164913501e2b36636669bbc320bc2dc7dfc682db5167eb65,
train_1335.png,train_1335.png,pbc,lymphocyte,lymphocyte,train,e9cae250e8bb899852de563bfc0a53721b4135572e80b2da806255f8c243d1be,e9cae250e8bb899852de563bfc0a53721b4135572e80b2da806255f8c243d1be,
train_4204.png,train_4204.png,pbc,lymphocyte,lymphocyte,train,2a21013efd1fa6b5ae78e952f32407583d23142bca887f47dbb28ccecd82360d,2a21013efd1fa6b5ae78e952f32407583d23142bca887f47dbb28ccecd82360d,
train_4485.png,train_4485.png,pbc,lymphocyte,lymphocyte,train,e24572ba1184fd4660ba1fcc78416d3326d71e289358378ce2d5fadfc82369de,e24572ba1184fd4660ba1fcc78416d3326d71e289358378ce2d5fadfc82369de,
train_4847.png,train_4847.png,pbc,lymphocyte,lymphocyte,train,45a54f477be50430928388e22a032e84474876d245e6c078d314becaf539b4eb,45a54f477be50430928388e22a032e84474876d245e6c078d314becaf539b4eb,
train_2756.png,train_2756.png,pbc,lymphocyte,lymphocyte,train,451cd05a26c07a686e3fd31449c14af7e2aa5c6d322f7ec6e85e305a1489c32e,451cd05a26c07a686e3fd31449c14af7e2aa5c6d322f7ec6e85e305a1489c32e,
train_4495.png,train_4495.png,pbc,lymphocyte,lymphocyte,train,3f8cfe0a88c497f92667901eeb1b966416bb18b106ff1a8ff0d76dded93ebd6b,3f8cfe0a88c497f92667901eeb1b966416bb18b106ff1a8ff0d76dded93ebd6b,
train_10864.png,train_10864.png,pbc,lymphocyte,lymphocyte,train,73c0f1354fdb824527cbb8108e753fea7eae56a21e05ed0d91b4e9e6eb11656a,73c0f1354fdb824527cbb8108e753fea7eae56a21e05ed0d91b4e9e6eb11656a,
train_11958.png,train_11958.png,pbc,lymphocyte,lymphocyte,train,d8c82168f689bc92e80b1b8570e3543c4de8f815d6a32cddcbedc75fd24e1f6c,d8c82168f689bc92e80b1b8570e3543c4de8f815d6a32cddcbedc75fd24e1f6c,
train_6034.png,train_6034.png,pbc,lymphocyte,lymphocyte,train,451ba7cc9547c05facfb9ca60229a3274be183ae8b664ebc5ca1aed97480339d,451ba7cc9547c05facfb9ca60229a3274be183ae8b664ebc5ca1aed97480339d,
train_674.png,train_674.png,pbc,lymphocyte,lymphocyte,train,5c49372b476bcc2478eb653d6c3b69bef96ad904035575b13c9f19af0ab6c6d3,5c49372b476bcc2478eb653d6c3b69bef96ad904035575b13c9f19af0ab6c6d3,
train_5703.png,train_5703.png,pbc,monocyte,monocyte,train,de2172affd79ef4db5b80229d00f0117283f62301e985137386d05390f58d72d,de2172affd79ef4db5b80229d00f0117283f62301e985137386d05390f58d72d,
train_4775.png,train_4775.png,pbc,monocyte,monocyte,train,003941ae67d44f230c4eb06868accfc149dc77dfc441c9b8247ec8ba8678be50,003941ae67d44f230c4eb06868accfc149dc77dfc441c9b8247ec8ba8678be50,
train_6376.png,train_6376.png,pbc,monocyte,monocyte,train,49755550b306634fc5e98b5e81f033e1d3f67ef328729cfa57e5bd05028adfcd,49755550b306634fc5e98b5e81f033e1d3f67ef328729cfa57e5bd05028adfcd,
train_11291.png,train_11291.png,pbc,monocyte,monocyte,train,20e0b74b2e6dd50472425c0c4384802f8192994b5075c7420341a9526257c534,20e0b74b2e6dd50472425c0c4384802f8192994b5075c7420341a9526257c534,
train_4552.png,train_4552.png,pbc,monocyte,monocyte,train,663fd2e02dd694411f3734e1618e825cc29eb220aa4e74a13cf29e402e7e7008,663fd2e02dd694411f3734e1618e825cc29eb220aa4e74a13cf29e402e7e7008,
train_4782.png,train_4782.png,pbc,monocyte,monocyte,train,262c9593de9a2abce4d15077e78ee787d68606bb61007a571e6c51273f740904,262c9593de9a2abce4d15077e78ee787d68606bb61007a571e6c51273f740904,
train_5946.png,train_5946.png,pbc,monocyte,monocyte,train,ad0ded23ef05b05e12e91efd0707c2aa0cc639ca17d0509f0f50a13fdac3d3ea,ad0ded23ef05b05e12e91efd0707c2aa0cc639ca17d0509f0f50a13fdac3d3ea,
train_8198.png,train_8198.png,pbc,monocyte,monocyte,train,ad5872110688dd8b94281319c5308808f47e16402b1453c91c916195164b6067,ad5872110688dd8b94281319c5308808f47e16402b1453c91c916195164b6067,
train_8065.png,train_8065.png,pbc,monocyte,monocyte,train,a6316a9ad9594979169700345191a09d740b7adcc67a2f381f27055c7e8a140b,a6316a9ad9594979169700345191a09d740b7adcc67a2f381f27055c7e8a140b,
train_11866.png,train_11866.png,pbc,monocyte,monocyte,train,a1fa4b815170bb063287ac9b5c4161cbed401e364490c6f8e80ebc7137b56a84,a1fa4b815170bb063287ac9b5c4161cbed401e364490c6f8e80ebc7137b56a84,
train_1517.png,train_1517.png,pbc,monocyte,monocyte,train,8b3c5443c303f773babb578a8bb8bd5ca4c2f07b0dd625580be5ffd78a1f6f5a,8b3c5443c303f773babb578a8bb8bd5ca4c2f07b0dd625580be5ffd78a1f6f5a,
train_3195.png,train_3195.png,pbc,monocyte,monocyte,train,833385f241c76593fe8750f43adebe6cb2c57fe106837f05d04c708291e358ec,833385f241c76593fe8750f43adebe6cb2c57fe106837f05d04c708291e358ec,
train_8317.png,train_8317.png,pbc,neutrophil,neutrophil,train,cd000e5957637430e93606e7a5b02af4ce566530ab23a123260359fc51302f66,cd000e5957637430e93606e7a5b02af4ce566530ab23a123260359fc51302f66,
train_726.png,train_726.png,pbc,neutrophil,neutrophil,train,bee4ec7372c94654e927dc4188ba9e137f9df58a388b23eb9b75b365434f4f26,bee4ec7372c94654e927dc4188ba9e137f9df58a388b23eb9b75b365434f4f26,
train_934.png,train_934.png,pbc,neutrophil,neutrophil,train,59fc47e8f310e7d8930669b1814eb02f7b13df8e5c52700640d49f2ce057a693,59fc47e8f310e7d8930669b1814eb02f7b13df8e5c52700640d49f2ce057a693,
train_1022.png,train_1022.png,pbc,neutrophil,neutrophil,train,72e525e186437aa30e9edaff242aa3ff9f3de8e2ce6d12ce891fecb62d3d6637,72e525e186437aa30e9edaff242aa3ff9f3de8e2ce6d12ce891fecb62d3d6637,
train_1710.png,train_1710.png,pbc,neutrophil,neutrophil,train,d5958faba00727731a1e8971a515c72a7b625ddfea6a83c7d7b5a92ace7ecf62,d5958faba00727731a1e8971a515c72a7b625ddfea6a83c7d7b5a92ace7ecf62,
train_6856.png,train_6856.png,pbc,neutrophil,neutrophil,train,c0ce6a6fb11a2ac1c0bd3c67a5389cfa5b0ec52301e2b8c8d71a1bc78a339999,c0ce6a6fb11a2ac1c0bd3c67a5389cfa5b0ec52301e2b8c8d71a1bc78a339999,
train_3757.png,train_3757.png,pbc,neutrophil,neutrophil,train,a2dee3733937b7e875ccbabeeabba25e98ec732ee56cbca57b58c3a3a70c2bab,a2dee3733937b7e875ccbabeeabba25e98ec732ee56cbca57b58c3a3a70c2bab,
train_10718.png,train_10718.png,pbc,neutrophil,neutrophil,train,d5eade1c27697df16914866d085066589144bdc905c2d4191def41ab2c672e90,d5eade1c27697df16914866d085066589144bdc905c2d4191def41ab2c672e90,
train_425.png,train_425.png,pbc,neutrophil,neutrophil,train,6b6a62c714b671a7e6b56a4604e0eee73ed5d1626f651aa16e4634217a68f5c5,6b6a62c714b671a7e6b56a4604e0eee73ed5d1626f651aa16e4634217a68f5c5,
train_10634.png,train_10634.png,pbc,neutrophil,neutrophil,train,40d98093c9d8c884cfcc880a303d959000225ddf6af2f0d462601a391c87987d,40d98093c9d8c884cfcc880a303d959000225ddf6af2f0d462601a391c87987d,
train_588.png,train_588.png,pbc,neutrophil,neutrophil,train,3559be14667def2b4074f2e62ecd132d8835c1d228f758dafa10e0dc61ee8569,3559be14667def2b4074f2e62ecd132d8835c1d228f758dafa10e0dc61ee8569,
train_8236.png,train_8236.png,pbc,neutrophil,neutrophil,train,e7e6fbb3a65e6bfd3d08890277dae45087a4c8286e744c6226f8e24c0579a6c1,e7e6fbb3a65e6bfd3d08890277dae45087a4c8286e744c6226f8e24c0579a6c1,
train_4649.png,train_4649.png,pbc,immature_granulocyte,immature_granulocyte,train,bb7335345bd53c7ec772b59190eaf0e2deff71c70b305485ed5adfcefe5daeab,bb7335345bd53c7ec772b59190eaf0e2deff71c70b305485ed5adfcefe5daeab,
train_7600.png,train_7600.png,pbc,immature_granulocyte,immature_granulocyte,train,1984238edb8b845b8d1fa5f4ae52bbb8a80f5c267a09d6e19eb0686fb1f8b38a,1984238edb8b845b8d1fa5f4ae52bbb8a80f5c267a09d6e19eb0686fb1f8b38a,
train_6681.png,train_6681.png,pbc,immature_granulocyte,immature_granulocyte,train,4ed19e27ed74fd526732c35477661fd907b8eed7248dff6e874a9d26d99d0042,4ed19e27ed74fd526732c35477661fd907b8eed7248dff6e874a9d26d99d0042,
train_5310.png,train_5310.png,pbc,immature_granulocyte,immature_granulocyte,train,08f1d5caf82c85c7981e8bcff12acd0724fdf6f3c43bc461add3f152ff34da65,08f1d5caf82c85c7981e8bcff12acd0724fdf6f3c43bc461add3f152ff34da65,
train_2206.png,train_2206.png,pbc,immature_granulocyte,immature_granulocyte,train,43bf57eb5c7e47f37497f7f864a60d8c1355d166d7b26fff075033007d94ff0f,43bf57eb5c7e47f37497f7f864a60d8c1355d166d7b26fff075033007d94ff0f,
train_10414.png,train_10414.png,pbc,immature_granulocyte,immature_granulocyte,train,067180d409f047923bc16ac014c83b05eed3918e5ae8547eb383f6d35402e44b,067180d409f047923bc16ac014c83b05eed3918e5ae8547eb383f6d35402e44b,
train_1889.png,train_1889.png,pbc,immature_granulocyte,immature_granulocyte,train,f8e0394d5467f5d714f9f13735ad4e12b236dbe3ab88fc8c7a07ab939b98c595,f8e0394d5467f5d714f9f13735ad4e12b236dbe3ab88fc8c7a07ab939b98c595,
train_2241.png,train_2241.png,pbc,immature_granulocyte,immature_granulocyte,train,b1e430d65345b69936d2bda4a56edb0bfa7a84c763aa92015d9d1b5f0e76df33,b1e430d65345b69936d2bda4a56edb0bfa7a84c763aa92015d9d1b5f0e76df33,
train_11159.png,train_11159.png,pbc,immature_granulocyte,immature_granulocyte,train,f5d21755057995e1d328a3034ad9c6f95beda4a5e2ccdfe06a779dd220961cfd,f5d21755057995e1d328a3034ad9c6f95beda4a5e2ccdfe06a779dd220961cfd,
train_3743.png,train_3743.png,pbc,immature_granulocyte,immature_granulocyte,train,04fb3459fe08fe0995b3126ba14abb5917808adfc8ec82f38b3772b78d69f4c6,04fb3459fe08fe0995b3126ba14abb5917808adfc8ec82f38b3772b78d69f4c6,
train_7987.png,train_7987.png,pbc,immature_granulocyte,immature_granulocyte,train,15a0a1c2f1579e8f8fb18013e2a1f6a926fac6f2b846b72b9552fbce4f59fde3,15a0a1c2f1579e8f8fb18013e2a1f6a926fac6f2b846b72b9552fbce4f59fde3,
train_10636.png,train_10636.png,pbc,immature_granulocyte,immature_granulocyte,train,dde1c3e208f2b69c23e79d86f8d98401c89cc8297879675e9ad6f49f5273d663,dde1c3e208f2b69c23e79d86f8d98401c89cc8297879675e9ad6f49f5273d663,
val_414.png,val_414.png,pbc,basophil,basophil,val,b557746bbb822df7f27029135531dcf107377660a36db7090af18a3fb4174ef6,b557746bbb822df7f27029135531dcf107377660a36db7090af18a3fb4174ef6,
val_38.png,val_38.png,pbc,basophil,basophil,val,1eefb175a2bfb20f49af34b3185bb9d0184c168ecd4abfd55e363b0a93343c0d,1eefb175a2bfb20f49af34b3185bb9d0184c168ecd4abfd55e363b0a93343c0d,
val_133.png,val_133.png,pbc,basophil,basophil,val,9cbfa8994b7b27f1e1e72ee556e817d0e5dfbb769eadbb2252087e444e2d22a0,9cbfa8994b7b27f1e1e72ee556e817d0e5dfbb769eadbb2252087e444e2d22a0,
val_1676.png,val_1676.png,pbc,basophil,basophil,val,147e7098309ed0b97330faee263767c7e6392b19f7cc02b8634930438a760c60,147e7098309ed0b97330faee263767c7e6392b19f7cc02b8634930438a760c60,
val_979.png,val_979.png,pbc,eosinophil,eosinophil,val,4f86334d183e8d09a9cc5a6b2f277ddcbdc3566573764069542e7605bfd33ecc,4f86334d183e8d09a9cc5a6b2f277ddcbdc3566573764069542e7605bfd33ecc,
val_1535.png,val_1535.png,pbc,eosinophil,eosinophil,val,7780551c88308b3fb312cfca9a7185c48d9b5e77e7cfc670d34a4c8c37f2d0b2,7780551c88308b3fb312cfca9a7185c48d9b5e77e7cfc670d34a4c8c37f2d0b2,
val_493.png,val_493.png,pbc,eosinophil,eosinophil,val,38eaee9496a0976e9ffbbee4b1bc660af994b33797d1811afbac3452deb340c4,38eaee9496a0976e9ffbbee4b1bc660af994b33797d1811afbac3452deb340c4,
val_845.png,val_845.png,pbc,eosinophil,eosinophil,val,9e0c9781f6e617068112d2fc254842b8abf049602927a6447aeddfaec4935b9e,9e0c9781f6e617068112d2fc254842b8abf049602927a6447aeddfaec4935b9e,
val_671.png,val_671.png,pbc,lymphocyte,lymphocyte,val,05bab54f7ceaea8bede474bae5b94e83f8a7430a312c1aa15f3f293fa8679549,05bab54f7ceaea8bede474bae5b94e83f8a7430a312c1aa15f3f293fa8679549,
val_961.png,val_961.png,pbc,lymphocyte,lymphocyte,val,97137ee840da2342b25804f7dc520a97ce609cc0b654dcd6036043e3abcb0074,97137ee840da2342b25804f7dc520a97ce609cc0b654dcd6036043e3abcb0074,
val_620.png,val_620.png,pbc,lymphocyte,lymphocyte,val,3716919450c72d9c8688c01a6175c2a5665015ed128525e57d7e149deba8dfba,3716919450c72d9c8688c01a6175c2a5665015ed128525e57d7e149deba8dfba,
val_803.png,val_803.png,pbc,lymphocyte,lymphocyte,val,c9f6f5e4efb41aa20f94f2924b307bd64507b042c2874b86533f853c26f20639,c9f6f5e4efb41aa20f94f2924b307bd64507b042c2874b86533f853c26f20639,
val_1003.png,val_1003.png,pbc,monocyte,monocyte,val,24b3803c97f62d7764cc7081e799bea3d9156b6e4c71b06a0ab848a0a7662989,24b3803c97f62d7764cc7081e799bea3d9156b6e4c71b06a0ab848a0a7662989,
val_1557.png,val_1557.png,pbc,monocyte,monocyte,val,e3a49586f97c3bad25c8d68e4b2c0edca5625c404049568a804c63b448c71d92,e3a49586f97c3bad25c8d68e4b2c0edca5625c404049568a804c63b448c71d92,
val_33.png,val_33.png,pbc,monocyte,monocyte,val,71f05d921fd0dba5ade2c66daec680487d5bcca3666342a9468235ffdf484b31,71f05d921fd0dba5ade2c66daec680487d5bcca3666342a9468235ffdf484b31,
val_1505.png,val_1505.png,pbc,monocyte,monocyte,val,d3723010ecc8dd3ec650eb07c58118b6959bd17fab9f16f34c60be582923673e,d3723010ecc8dd3ec650eb07c58118b6959bd17fab9f16f34c60be582923673e,
val_1469.png,val_1469.png,pbc,neutrophil,neutrophil,val,9abe8090a2826e7000b75f3a0ec92653976fc5a60a097f67f67b3524165a10f7,9abe8090a2826e7000b75f3a0ec92653976fc5a60a097f67f67b3524165a10f7,
val_450.png,val_450.png,pbc,neutrophil,neutrophil,val,fc79d2e3a153fd33331d34373012fc5a435e8dc50663d9f349f9ef37a3a64221,fc79d2e3a153fd33331d34373012fc5a435e8dc50663d9f349f9ef37a3a64221,
val_1688.png,val_1688.png,pbc,neutrophil,neutrophil,val,ed9b1fd275480a69d03f07d753f772e1f6b5b86a1d56b6ec53d5c523d72077e5,ed9b1fd275480a69d03f07d753f772e1f6b5b86a1d56b6ec53d5c523d72077e5,
val_502.png,val_502.png,pbc,neutrophil,neutrophil,val,0e430a42517de1fb83d1d1117389593a29bc325d1b3ceed0db74a56dacdab30a,0e430a42517de1fb83d1d1117389593a29bc325d1b3ceed0db74a56dacdab30a,
val_1204.png,val_1204.png,pbc,immature_granulocyte,immature_granulocyte,val,e4ab8c008f3d95c1808883ce651628f97941c90b3410683af76fa239fdbfd97f,e4ab8c008f3d95c1808883ce651628f97941c90b3410683af76fa239fdbfd97f,
val_899.png,val_899.png,pbc,immature_granulocyte,immature_granulocyte,val,75b19e1009f22f7717fa03c1d0a7cbf06dffd9e6862858afecc0aebbaf8a0c73,75b19e1009f22f7717fa03c1d0a7cbf06dffd9e6862858afecc0aebbaf8a0c73,
val_1266.png,val_1266.png,pbc,immature_granulocyte,immature_granulocyte,val,18f2b54d22cd1e4809961d5196e1b5a3b7fe0921f46a21b3ecbb462bfb331bed,18f2b54d22cd1e4809961d5196e1b5a3b7fe0921f46a21b3ecbb462bfb331bed,
val_1029.png,val_1029.png,pbc,immature_granulocyte,immature_granulocyte,val,624b9e68e19463f9358837cea19ba0d4846c12c9f2ef9b782f6bce67f5cde495,624b9e68e19463f9358837cea19ba0d4846c12c9f2ef9b782f6bce67f5cde495,
test_1830.png,test_1830.png,pbc,basophil,basophil,test,cbfe73f4787fe3af0c2fa256c2abcded01ab265fce2db85f1e0662757db53275,cbfe73f4787fe3af0c2fa256c2abcded01ab265fce2db85f1e0662757db53275,
test_2215.png,test_2215.png,pbc,basophil,basophil,test,6093ee40b6d16113e074af0d1f5e88502e91dc570fd736c041c9774139294b22,6093ee40b6d16113e074af0d1f5e88502e91dc570fd736c041c9774139294b22,
test_943.png,test_943.png,pbc,basophil,basophil,test,3d0fa0e8952d358e1784e51e44d2c4531051dbc9ff2628cf851ae6d1d2b843aa,3d0fa0e8952d358e1784e51e44d2c4531051dbc9ff2628cf851ae6d1d2b843aa,
test_3219.png,test_3219.png,pbc,basophil,basophil,test,b76dbf739b4909ce066e80e187a87c2e42be6c1282692696e77746258a311adb,b76dbf739b4909ce066e80e187a87c2e42be6c1282692696e77746258a311adb,
test_2783.png,test_2783.png,pbc,eosinophil,eosinophil,test,18f6d99414282da4175a1a65760c5c6c963a92f4eba89e52ae13c19b0ac61f1f,18f6d99414282da4175a1a65760c5c6c963a92f4eba89e52ae13c19b0ac61f1f,
test_2368.png,test_2368.png,pbc,eosinophil,eosinophil,test,6527d0c69220a3d196e6133fd0b1464edb531aaa137bb991df3d8298408e403d,6527d0c69220a3d196e6133fd0b1464edb531aaa137bb991df3d8298408e403d,
test_2298.png,test_2298.png,pbc,eosinophil,eosinophil,test,be1ba5aa5401d9ee0c552962c6d4aa37ea7cab5eedcf54275268b57efed72312,be1ba5aa5401d9ee0c552962c6d4aa37ea7cab5eedcf54275268b57efed72312,
test_1625.png,test_1625.png,pbc,eosinophil,eosinophil,test,ae6d054f27a1c7fc7496f8e11d25a13276bd7ebb5d44d51e22dd3b3eb471e319,ae6d054f27a1c7fc7496f8e11d25a13276bd7ebb5d44d51e22dd3b3eb471e319,
test_697.png,test_697.png,pbc,lymphocyte,lymphocyte,test,f07108ea5f0e72e2d793221f6b4e7508effce51bcb1840b04c5692233eed7ad6,f07108ea5f0e72e2d793221f6b4e7508effce51bcb1840b04c5692233eed7ad6,
test_573.png,test_573.png,pbc,lymphocyte,lymphocyte,test,fcbe91b6bd8a04efeadb51a4a746b791ab30690ad8b80d3b95e5a7016d34c93c,fcbe91b6bd8a04efeadb51a4a746b791ab30690ad8b80d3b95e5a7016d34c93c,
test_864.png,test_864.png,pbc,lymphocyte,lymphocyte,test,52ee62cafb2d5b3599cc2ef2fbbef7aabc8d99c621e967f4324661759d741dd7,52ee62cafb2d5b3599cc2ef2fbbef7aabc8d99c621e967f4324661759d741dd7,
test_771.png,test_771.png,pbc,lymphocyte,lymphocyte,test,5310c6c140a3bbd2d07b73a25b0daa1153e785319990f58e6342d027da9f6f44,5310c6c140a3bbd2d07b73a25b0daa1153e785319990f58e6342d027da9f6f44,
test_120.png,test_120.png,pbc,monocyte,monocyte,test,d84e4725e4ed681f0ac93277fb3c97ef1c2975206249125a7a214dab4f0762b5,d84e4725e4ed681f0ac93277fb3c97ef1c2975206249125a7a214dab4f0762b5,
test_1504.png,test_1504.png,pbc,monocyte,monocyte,test,303905b8ac0a9ad4578dfb2895c3eb2a04e74674d91ce023b6aa35e0ab280c45,303905b8ac0a9ad4578dfb2895c3eb2a04e74674d91ce023b6aa35e0ab280c45,
test_3410.png,test_3410.png,pbc,monocyte,monocyte,test,fdbdfe02f7218345cac2a850c01cae6289d475e28fb6feba903235a0a59552ec,fdbdfe02f7218345cac2a850c01cae6289d475e28fb6feba903235a0a59552ec,
test_2639.png,test_2639.png,pbc,monocyte,monocyte,test,64ea96147758bfc1ac3754926364be6027428f7b94f4aff8e98191e9762eb34f,64ea96147758bfc1ac3754926364be6027428f7b94f4aff8e98191e9762eb34f,
test_3234.png,test_3234.png,pbc,neutrophil,neutrophil,test,0bc46ceb14bfdb2bf88486e8d1b2c901371a6c721233e50e7a6bca812a24a60d,0bc46ceb14bfdb2bf88486e8d1b2c901371a6c721233e50e7a6bca812a24a60d,
test_58.png,test_58.png,pbc,neutrophil,neutrophil,test,d0f4238c6714fcb35e871984ca2409213db7156614916f71222f7d7257490b6d,d0f4238c6714fcb35e871984ca2409213db7156614916f71222f7d7257490b6d,
test_2306.png,test_2306.png,pbc,neutrophil,neutrophil,test,31a7a10e589c1ecadab9158c2f43d1f03a74da901c8435ff7c1d1491a98fa4ea,31a7a10e589c1ecadab9158c2f43d1f03a74da901c8435ff7c1d1491a98fa4ea,
test_1869.png,test_1869.png,pbc,neutrophil,neutrophil,test,1ef70b815e5c10530b0571e48ed2e8f1017ce164a567fb7b95eb3b61583cc53b,1ef70b815e5c10530b0571e48ed2e8f1017ce164a567fb7b95eb3b61583cc53b,
test_995.png,test_995.png,pbc,immature_granulocyte,immature_granulocyte,test,3cbacf321924aba24c546f49d03418bf9dbe2fbbdc5f96ab9098a1a27fd8eff0,3cbacf321924aba24c546f49d03418bf9dbe2fbbdc5f96ab9098a1a27fd8eff0,
test_3293.png,test_3293.png,pbc,immature_granulocyte,immature_granulocyte,test,2081ff35dbc89086eb419aa2587537a903e554e81153e47f5625af6717271d97,2081ff35dbc89086eb419aa2587537a903e554e81153e47f5625af6717271d97,
test_357.png,test_357.png,pbc,immature_granulocyte,immature_granulocyte,test,07aa79e235ac84a95729e51eaea3c147bd00a767b9543d1a753b012eabd4b9ec,07aa79e235ac84a95729e51eaea3c147bd00a767b9543d1a753b012eabd4b9ec,
test_3290.png,test_3290.png,pbc,immature_granulocyte,immature_granulocyte,test,bffa3ba732ea74e8f99e39f38db9f5677033d80dd0621e4bf977818ee78b02ef,bffa3ba732ea74e8f99e39f38db9f5677033d80dd0621e4bf977818ee78b02ef,
