id,seed,group,dataset,y_true,split,prob_0,prob_1,prob_2,prob_3,prob_4,prob_5,prediction
test_120.png,1729,d84e4725e4ed681f0ac93277fb3c97ef1c2975206249125a7a214dab4f0762b5,pbc,3,test,0.1342421732842922,0.15535500645637512,0.1321637220680713,0.2038365304470062,0.18914250284433365,0.18526004999876017,3
test_1504.png,1729,303905b8ac0a9ad4578dfb2895c3eb2a04e74674d91ce023b6aa35e0ab280c45,pbc,3,test,0.13067335262894625,0.16123439371585846,0.13849782571196556,0.2090386003255844,0.19289482384920115,0.16766100376844406,3
test_1625.png,1729,ae6d054f27a1c7fc7496f8e11d25a13276bd7ebb5d44d51e22dd3b3eb471e319,pbc,1,test,0.14024463668465614,0.16426400095224375,0.15786194801330566,0.1875502169132232,0.18498837202787394,0.16509085148572916,3
test_1830.png,1729,cbfe73f4787fe3af0c2fa256c2abcded01ab265fce2db85f1e0662757db53275,pbc,0,test,0.14695454388856885,0.14902197569608686,0.15375240519642824,0.2104508951306343,0.17421101778745646,0.1656091772019863,3
test_1869.png,1729,1ef70b815e5c10530b0571e48ed2e8f1017ce164a567fb7b95eb3b61583cc53b,pbc,4,test,0.14162775129079813,0.14624764770269388,0.18252493441104883,0.17306860536336893,0.192746490240097,0.1637845709919929,4
test_2215.png,1729,6093ee40b6d16113e074af0d1f5e88502e91dc570fd736c041c9774139294b22,pbc,0,test,0.13364838436245915,0.16198224574327466,0.14895855262875551,0.19494729489088053,0.18384855985641474,0.17661494016647336,3
test_2298.png,1729,be1ba5aa5401d9ee0c552962c6d4aa37ea7cab5eedcf54275268b57efed72312,pbc,1,test,0.13876787200570107,0.1541615352034568,0.14140015840530396,0.225190982222557,0.16686329245567322,0.17361617833375925,3
test_2306.png,1729,31a7a10e589c1ecadab9158c2f43d1f03a74da901c8435ff7c1d1491a98fa4ea,pbc,4,test,0.12905133888125414,0.14323920011520386,0.1648444458842277,0.2148620411753654,0.18109368532896036,0.16690925508737559,3
test_2368.png,1729,6527d0c69220a3d196e6133fd0b1464edb531aaa137bb991df3d8298408e403d,pbc,1,test,0.15034215152263636,0.1528491005301475,0.1422266401350498,0.20813054591417304,0.18142148852348325,0.1650301031768322,3
test_2639.png,1729,64ea96147758bfc1ac3754926364be6027428f7b94f4aff8e98191e9762eb34f,pbc,3,test,0.13458617031574244,0.1437727473676204,0.13495298847556111,0.2316590994596481,0.1967400312423706,0.15828895941376686,3
test_2783.png,1729,18f6d99414282da4175a1a65760c5c6c963a92f4eba89e52ae13c19b0ac61f1f,pbc,1,test,0.15333648771047592,0.1382997147738933,0.14962316304445267,0.2119517847895622,0.17150552570819855,0.1752832643687725,3
test_3219.png,1729,b76dbf739b4909ce066e80e187a87c2e42be6c1282692696e77746258a311adb,pbc,0,test,0.14693921804428095,0.15174254029989243,0.148852489888668,0.21159440279006952,0.1725465133786201,0.16832477599382395,3
test_3234.png,1729,0bc46ceb14bfdb2bf88486e8d1b2c901371a6c721233e50e7a6bca812a24a60d,pbc,4,test,0.14659186452627176,0.15962298214435575,0.17188134789466855,0.17664402723312375,0.2056901007890701,0.13956967741250992,4
test_3290.png,1729,bffa3ba732ea74e8f99e39f38db9f5677033d80dd0621e4bf977818ee78b02ef,pbc,5,test,0.1443802937865257,0.1518833115696907,0.14427456259727475,0.21434797346591944,0.17584493756294245,0.16926890611648554,3
test_3293.png,1729,2081ff35dbc89086eb419aa2587537a903e554e81153e47f5625af6717271d97,pbc,5,test,0.1334770508110523,0.15406173467636103,0.16644675284624094,0.17605920135974878,0.2006310597062111,0.16932414472103113,4
test_3410.png,1729,fdbdfe02f7218345cac2a850c01cae6289d475e28fb6feba903235a0a59552ec,pbc,3,test,0.13650852441787714,0.1512374430894851,0.14088460430502886,0.2116494700312614,0.18891981989145273,0.17080017551779744,3
test_357.png,1729,07aa79e235ac84a95729e51eaea3c147bd00a767b9543d1a753b012eabd4b9ec,pbc,5,test,0.1285795010626316,0.1692017763853073,0.1381438933312893,0.19277931749820704,0.1800400465726852,0.19125540927052495,3
test_573.png,1729,fcbe91b6bd8a04efeadb51a4a746b791ab30690ad8b80d3b95e5a7016d34c93c,pbc,2,test,0.14019830524921414,0.15346037596464154,0.17810097336769098,0.187578834593296,0.1855347231030464,0.15512678772211075,3
test_58.png,1729,d0f4238c6714fcb35e871984ca2409213db7156614916f71222f7d7257490b6d,pbc,4,test,0.13795902207493782,0.14278663694858545,0.15042068436741826,0.18453350663185114,0.1913923025131225,0.19290779531002042,5
test_697.png,1729,f07108ea5f0e72e2d793221f6b4e7508effce51bcb1840b04c5692233eed7ad6,pbc,2,test,0.15318174660205836,0.146656721830368,0.1749884784221649,0.17852228134870524,0.19705053418874735,0.14960019662976265,4
test_771.png,1729,5310c6c140a3bbd2d07b73a25b0daa1153e785319990f58e6342d027da9f6f44,pbc,2,test,0.15306487679481506,0.15934069454669947,0.17396365851163859,0.19687525182962415,0.17494755238294601,0.14180792123079294,3
test_864.png,1729,52ee62cafb2d5b3599cc2ef2fbbef7aabc8d99c621e967f4324661759d741dd7,pbc,2,test,0.15367466956377024,0.1463663950562477,0.15035605430603022,0.20970787107944483,0.17327666282653803,0.1666183397173881,3
test_943.png,1729,3d0fa0e8952d358e1784e51e44d2c4531051dbc9ff2628cf851ae6d1d2b843aa,pbc,0,test,0.1443698704242706,0.1570254415273666,0.14676672965288162,0.20842162519693375,0.17022211849689478,0.173194233328104,3
test_995.png,1729,3cbacf321924aba24c546f49d03418bf9dbe2fbbdc5f96ab9098a1a27fd8eff0,pbc,5,test,0.1423954404890537,0.14937671273946762,0.13930480182170865,0.2047045677900314,0.18134512752294535,0.1828733682632446,3
